lag,sample size 1000,sample size 2000,sample size 3000,sample size 4000,sample size 5000
lag 0,1.5389462784804255,0.7847035983708893,0.5402774958228664,0.3857952352615334,0.2984581963490806
lag 1,0.8876264754470163,0.47574123168950133,0.3062246049869328,0.23578223304124762,0.1830421457488576
lag 2,1.9486178459671735,1.05054638833056,0.652055929848116,0.5245096410483965,0.36042397783636027
lag 3,2.2041334078237993,1.1537096743333897,0.8077376481982409,0.579599609120472,0.4629452242187082
lag 4,2.367267779649441,1.1546895433888642,0.7664624281479108,0.5773675869814401,0.49263637690667017
lag 5,2.60387336946099,1.2103064510780264,0.843879536711911,0.5670262457689303,0.4817410319044243
lag 6,2.4905396321925477,1.2786688953230363,0.7821621648012238,0.5946419773107545,0.4564489291825786
lag 7,2.175305183235757,1.1425520640259559,0.7746333769817022,0.6148106424328937,0.4617451928961228
lag 8,2.3419168499603855,1.1086678729768933,0.8093639361978555,0.5730909616798244,0.48510962431049204
lag 9,2.371748634006697,1.2280503638004188,0.7888052209865989,0.6286205263470712,0.4830859896119838
lag 10,2.4203680177477525,1.1573155820739973,0.7311989170051584,0.5650347172907254,0.4569878267013746
lag 11,2.358845862217487,1.1271545773441094,0.8048515100513223,0.6135967976735192,0.4478766404321749
lag 12,2.365532066673835,1.181023733347605,0.8076084138198595,0.5398152388454646,0.4747043948179696
lag 13,2.280110636148064,1.1949061205818843,0.8032741395217278,0.5851223498912657,0.492564050204731
lag 14,2.2346593269985733,1.1555014086985744,0.8045674823011095,0.6530227384210001,0.45041616530360623
lag 15,2.2784576516582855,1.2179263916794734,0.7431686296668901,0.5784138577481475,0.47796884355179736
lag 16,2.269036236425443,1.2065556103607349,0.819405351564206,0.5901301705841715,0.521560272239919
lag 17,2.2927197563695754,1.2656137734420998,0.8272465717614701,0.5819824719309872,0.4732323760818429
lag 18,2.1419154937807945,1.237129955552541,0.7824582859327337,0.6230450107930346,0.5259500962920837
lag 19,2.387021211888772,1.0763568582542504,0.725951145167249,0.5976122737136149,0.48124657099217155
lag 20,2.263709524544907,1.1294472194677083,0.7886908084979184,0.5749604562947045,0.4484471341748156
lag 21,2.0789749210254356,1.2048755118955792,0.7457752671429876,0.5693304231536342,0.4892378764197957
lag 22,2.415008758685803,1.1769507615450325,0.7562558707806678,0.5948754003289334,0.4708589170020176
lag 23,2.4416018030377056,1.1598347786170786,0.8012746698043345,0.5951941055493116,0.5098434513121499
lag 24,2.1772056731933636,1.217821805357262,0.7516417765917447,0.6164142158204525,0.4796830147170461
lag 25,2.1823251556732712,1.155337871062239,0.7664071697556442,0.5917980983099503,0.49547472160629435
lag 26,2.259135583524192,1.0978712243884048,0.7556601584839866,0.6361009506468998,0.4932328197845922
lag 27,2.191645868329228,1.0998950686248936,0.733472797450192,0.5804964223103324,0.4392282569850706
lag 28,2.341398155573963,1.2071624607517475,0.7761980200487711,0.5291880713915296,0.4599209474153145
lag 29,2.3765476177178746,1.1858261615549577,0.775804260365514,0.5694413470253084,0.4694560143819103
lag 30,2.185585938798112,1.1212958625904248,0.7973093105479228,0.6051660307937108,0.4424681829580428
lag 31,2.29795902536429,1.0989880213775054,0.7740589660214962,0.6127976782047528,0.5121049425484906
lag 32,2.4054867281857533,1.0966688783197442,0.7667036796505472,0.5900837389622393,0.4873684301124657
lag 33,2.2006281524793385,1.15769648900256,0.7622426242299699,0.5627243654098225,0.47760186170195057
lag 34,2.3399005460676543,1.2341461567651202,0.8451247543016428,0.5556883834659938,0.4737436855618613
lag 35,2.1891272218380644,1.2126930198129617,0.7438018018549863,0.6190288245015849,0.4912358932138989
lag 36,2.21833444190308,1.1240561901687438,0.7829304420366265,0.5895265483620163,0.45975435088921607
lag 37,2.283114862514547,1.1715572830538463,0.7747598010020066,0.5602344806276199,0.4621676328543417
lag 38,2.2902817819947483,1.2352074133170945,0.8021996496258282,0.558135496166383,0.48762475170743164
lag 39,2.4411968467041407,1.1396566444393808,0.7759980808472713,0.5586079530840532,0.4580382821237879
lag 40,2.264243679570418,1.189489173730798,0.8085538047638694,0.5960307537057008,0.48236701070433524
lag 41,2.333088083390573,1.2005653777054754,0.738306845352934,0.6023897345902347,0.456411205136317
lag 42,2.2284640616650946,1.143562081083141,0.775533175613052,0.5988537769069551,0.4744806244787696
lag 43,2.31324953710245,1.1752240550622088,0.7772656421733172,0.5557190530415559,0.46801252162877227
lag 44,2.343219701372644,1.0866491026423664,0.7726625095435372,0.5705137269641174,0.487457772069041
lag 45,2.3864689396642533,1.1653589507294553,0.771550589461253,0.5714381088378429,0.4591985499006157
lag 46,2.113263398461663,1.1865100617753068,0.712407015343141,0.5915368540860999,0.4812676106480524
lag 47,2.2243115324518565,1.168439100623273,0.779155014222665,0.5530631244070527,0.4449337800404154
lag 48,2.1733632156806513,1.1519670065613534,0.7863646684905161,0.6064080748002602,0.4516859225988676
lag 49,2.2115464176463004,1.1935314110590738,0.7471436245509646,0.6104063974144578,0.4490694887454662
lag 50,2.3283460428153124,1.1231707815988616,0.7292983951206845,0.591109450199893,0.43843946696094427
lag 51,2.232309386917157,1.1070026968771853,0.7912590255927336,0.5768538973990817,0.4863476880290378
lag 52,2.286959702524084,1.1327653948042458,0.7819200572858925,0.6074851442524618,0.4899400670090846
lag 53,2.2665817245331583,1.1741787143720674,0.7420430671781899,0.5969342094111242,0.47334042829271605
lag 54,2.1813005256418427,1.1482326179666238,0.7790777442634679,0.5670112114135646,0.4618601918465673
lag 55,2.316556424072699,1.1680990512632907,0.7903052220826059,0.6048973965940542,0.46127749391340406
lag 56,2.2884428339764504,1.1625388410746174,0.766080690013558,0.5820470602742396,0.47635650636455684
lag 57,2.1768881471079276,1.1179479232991216,0.7798340558333087,0.5701383183667782,0.4531964882992796
lag 58,2.23744070779935,1.0689127410431343,0.7610489684624185,0.6253819800029952,0.4229095272349558
lag 59,2.3301555829792533,1.1140387378359482,0.7618476428231682,0.583664618071094,0.46501102726309124
lag 60,2.2420316267530547,1.1822809289453353,0.7706743916094054,0.5794432899548458,0.46451929970312084
lag 61,1.9373816491141145,1.1652441152014181,0.78632184315047,0.5921686612845326,0.48009473042336176
lag 62,1.9769323656840865,1.1397997910995215,0.7175929316795955,0.5459601514414375,0.47184906295543816
lag 63,2.1465998883314668,1.1693919783049813,0.7885263453146383,0.5796314875862049,0.48012829989898126
lag 64,2.302679210739957,1.18452123242632,0.7076856178970025,0.6038126935796365,0.4674551952759443
lag 65,2.264033244670798,1.1203823331299367,0.767532865092622,0.5333921491315232,0.4608878094640147
lag 66,2.298037270289485,1.2294451434526068,0.7700941388046701,0.6165521119322754,0.4665501603483795
lag 67,2.20010234097513,1.0726092452356188,0.7268493804650769,0.5251601262406291,0.45472578980763706
lag 68,2.319252460358485,1.1343785714471168,0.711817593957441,0.5371245560886275,0.4566974728592252
lag 69,2.0312387927184816,1.09619687179606,0.7738297461899458,0.5759372685146447,0.45285671443054987
lag 70,2.0682298907484187,1.2342516497204947,0.7777105170544358,0.6147020825401466,0.433280482424058
lag 71,2.155935998268596,1.104653257686355,0.7331814626430918,0.5784233716525923,0.4555223674801165
lag 72,1.9557511343766343,1.1273773438937442,0.7624581197804514,0.5600555511229366,0.48858315923747
lag 73,2.143311513389471,1.119803883225576,0.7732796830548051,0.5649800629174763,0.45330736941434985
lag 74,2.2134435479405923,1.053681009159896,0.777637095835629,0.5945143296077724,0.42226074766323146
lag 75,2.1110062063619597,1.2580476727829937,0.7851384704839561,0.59011824522359,0.4826972382968757
lag 76,2.120841716847395,1.1248930182887538,0.7377663331785969,0.556515658896445,0.4516729769506189
lag 77,2.063794071525118,1.1024009107767943,0.7610928958184651,0.5756096662807001,0.44202139933745493
lag 78,2.13696717644246,1.1884547607044,0.7704932273785999,0.5418092558563012,0.46492987744785386
lag 79,2.2034452925460077,1.0791827644997851,0.7028042338842868,0.5691978061771306,0.47327459260600097
lag 80,2.024220113397474,1.0874926857147416,0.7779938433957373,0.5872409541979307,0.47692926755135656
lag 81,2.1611698867605984,1.1072275812643997,0.7417634048262062,0.4979853001255925,0.4371041536787486
lag 82,2.202566345260619,1.189071596725856,0.7512094037323845,0.5758939069093463,0.4766260522296283
lag 83,2.1608129035859744,1.1009596568603055,0.7592686826811301,0.5299229092437271,0.46643961137658885
lag 84,2.1408283203802996,1.1563956607403498,0.7760978753315969,0.5740650677396927,0.46186739525138104
lag 85,2.230523439195429,1.0475054535774864,0.7334437525294998,0.5397447985531642,0.46230444290548994
lag 86,2.1811384358801233,1.0666522339476232,0.7131362838528437,0.5669688815342518,0.4396414200152642
lag 87,2.2839878332418393,1.1032217633040378,0.8060027212040165,0.5735019398233865,0.462846617858214
lag 88,2.0652235873597053,1.0890464498061538,0.7412377114357053,0.5344624448792159,0.4569251855998327
lag 89,2.2442225837050493,1.0521105081080135,0.7951793019568411,0.5662362573901257,0.416323722831291
lag 90,2.2782639700232585,1.1106703898906163,0.7845594863378984,0.5808645099574451,0.455216596484215
lag 91,2.185210279376406,1.1031911445344305,0.7766107182262814,0.5774354323357184,0.5068599865344988
lag 92,2.1430043012244115,1.0854358133946815,0.7149690991406551,0.5497467149916988,0.47497120029073053
lag 93,1.9792810836816097,1.1487336315318206,0.8605016249733893,0.5657059169176821,0.4756962152290045
lag 94,2.040670242510525,1.0652656422324367,0.8050287173661329,0.6215963736088262,0.4515907115650052
lag 95,2.0443164501456264,1.073719545158147,0.7091785763437711,0.6200556070576991,0.48050512258328365
lag 96,2.143497733412645,1.0883024395796361,0.7687439095377622,0.5808219493078677,0.42798526412457305
lag 97,2.0768033821488023,1.1523559045841525,0.7571026674336993,0.5227820374818447,0.4472827488162465
lag 98,2.113721978464525,1.1084028973446778,0.7599722499190666,0.5976956545290998,0.42939084405098177
lag 99,2.242048774384696,1.1207603100170709,0.7247871248530354,0.5810140321874527,0.46904406738565174
lag 100,2.0288907116940975,1.098657959728981,0.7461881084124214,0.54277804519253,0.46270585017751764
lag 101,2.0833882804066333,1.2086465101121517,0.8001082067243432,0.6018284092442439,0.44384591764885567
lag 102,2.1840594283178345,1.0646120763838227,0.703823611414782,0.5250529574963297,0.5056504035147196
lag 103,1.9980363725562746,1.0980770454518798,0.8094521028062805,0.5731442918949133,0.47482835651469235
lag 104,2.0570101385680877,1.1992395494456094,0.7510041168732553,0.5162530088743352,0.4927339276640863
lag 105,2.041945931511844,1.1270424837099646,0.7348533752864778,0.559242613681291,0.48437548739337866
lag 106,2.1857333912364845,1.05001914447594,0.7538192509213345,0.5624696760668839,0.4684695793447963
lag 107,2.1940511404811613,1.1500305466996552,0.7100559075705748,0.6160003836371893,0.4600161717691089
lag 108,2.254339024976721,1.0719491608042058,0.8209091590978953,0.5911993725748671,0.4812062120367371
lag 109,1.9874183382525352,1.0778496631848835,0.7626841190431007,0.6090705769177023,0.4393510226097124
lag 110,2.1003094584678865,1.2033789737400709,0.7509641125814374,0.5948654796851267,0.45249826895670586
lag 111,2.2018267647536836,1.0756760936745795,0.7644840338135951,0.5898359403043868,0.4569265896900498
lag 112,2.0029347638996864,1.019787365081123,0.7312130432199182,0.6258617571201875,0.4820966092569412
lag 113,2.0165496186953225,1.1202967781211532,0.7371384980506219,0.5798935661048119,0.44515874043667325
lag 114,2.191129844994044,1.105136842482072,0.7211750044557579,0.5716492012336328,0.45083552455466197
lag 115,2.1802134404977243,1.1829778409895417,0.7401671708664985,0.560546908941466,0.4807202159985252
lag 116,1.9191536046462578,1.0596864024566441,0.7146685886922945,0.5572507453204604,0.4825727036938032
lag 117,1.8936930883300502,1.1049700596092191,0.7634997966825652,0.5737078123858042,0.4441235532865408
lag 118,1.9444537303252134,1.1458431579736976,0.7834422211387284,0.5403407388398445,0.4825288229804493
lag 119,2.151320495363584,0.9876117611678629,0.7398608131062161,0.5584577634940474,0.48867930691963873
lag 120,2.049416639328422,1.0703129692100115,0.7268802607267548,0.5163774559820631,0.45740081117832115
lag 121,2.0135541645761665,1.0549574450574402,0.6950193560552532,0.5781499363606287,0.4499155270468895
lag 122,2.0759289951669797,1.1662519218191574,0.7314539647844002,0.5440048246135588,0.47477205005995393
lag 123,2.1658159939958814,1.1270479127753414,0.7501354808043413,0.5888158430441289,0.45859165989119527
lag 124,1.9646999448563296,1.1730894969863441,0.7374993563565144,0.5933579556882285,0.4384262408382449
lag 125,2.0709894416044263,1.0880213662295444,0.7679408721607662,0.5934721511832443,0.43574659376266206
lag 126,2.083804130229214,1.0445054944445402,0.7658049264543756,0.5575244070182913,0.43468780269119867
lag 127,1.9938984592272682,1.1143380788768746,0.7531827095463913,0.5924772715669958,0.4429501170700911
lag 128,2.1583761767123186,1.0787251155516144,0.7527901157950341,0.5499629262883734,0.4630074282497192
lag 129,2.1516394300946593,1.095490952282309,0.7559772307905576,0.575568358820587,0.4502436887052085
lag 130,1.934164877294167,1.0614006205133593,0.7580842664086316,0.5799890315447909,0.4127591639141984
lag 131,2.019682575092687,1.0903575665742764,0.7914441960289711,0.5727854241490733,0.4462308475817663
lag 132,1.8799121972560644,1.1445310193262597,0.7300192089666766,0.5568986835579512,0.43560873562567376
lag 133,1.8829657256209313,1.1469169608769674,0.7562541353803952,0.5748508687124338,0.4850314964908192
lag 134,2.047712222318289,1.076224762624039,0.7895795005785766,0.5599811548338489,0.4845076768564072
lag 135,2.0072678408870703,1.0782983008253078,0.8146944853586878,0.6108777295769104,0.4423962972799277
lag 136,1.9814904808758604,1.1027389012640803,0.7798700915379543,0.5946055235446581,0.4765203001639454
lag 137,1.9624399735342761,1.0977087134248726,0.7513661585082628,0.5401853556160682,0.4830193386897927
lag 138,1.959961410003316,1.0960173612816726,0.7359748410162316,0.5746910379315165,0.4568270648331381
lag 139,1.9769277642516503,1.034311370794278,0.7538850095775328,0.5502319785630299,0.4609870044002548
lag 140,1.8027598411100703,1.0610207540032817,0.7020932606044501,0.5592522198667311,0.4074634636704011
lag 141,1.9944281731958393,1.1307015692262734,0.7097875910228847,0.5994876830887024,0.44914167416918344
lag 142,1.8221245405749211,1.1117690999247611,0.7772767022915859,0.5264273825455704,0.4592373151293261
lag 143,1.88008030941672,1.09764616102943,0.8086442919476167,0.5755074884649645,0.46650832798151626
lag 144,2.0453141624602655,1.1372675084858541,0.7371373167839244,0.6364587863606548,0.4534982665675574
lag 145,1.960239404693248,1.1202286730159252,0.7391566506872546,0.6078287350817657,0.477784241225522
lag 146,1.924987618596837,1.0467510534345652,0.8224362891790211,0.5537579079518649,0.45311360804598944
lag 147,1.9546116529024875,1.0778274514869461,0.7984669792110114,0.6322805134346166,0.46155800605898434
lag 148,1.9006389673060577,1.1029491584903495,0.7401960424201891,0.5428171781830533,0.46217010725254726
lag 149,2.0220323380144722,1.031718324175577,0.7512076254316346,0.563437734550722,0.4588480985206494
lag 150,2.0358971555224445,1.0780677358660269,0.6402889666445803,0.515312501206022,0.4633007971694568
lag 151,1.974850159119705,1.0468564320681457,0.6869877790592658,0.5631158022450278,0.4478476994809607
lag 152,1.9466002872670636,1.0533425013471893,0.7088219637915322,0.5698603161953959,0.45547847906906036
lag 153,1.8935328077738482,1.0260719407384362,0.7369858499714564,0.5690347690539563,0.47465051453752055
lag 154,2.1315128318937853,1.1073933682310224,0.7086703349313189,0.5448480398973377,0.44161357420377423
lag 155,1.93955977291248,1.1273369288758468,0.7581831486967989,0.5569589361376795,0.43701324501904565
lag 156,1.930342811418352,1.0084447060672308,0.7375806769824296,0.5787926595250813,0.47806028716077686
lag 157,1.8512710399345018,1.0490814623271167,0.7804623805006857,0.546881407747114,0.4589682865577795
lag 158,1.8725871932939877,1.1027960760744469,0.7662715591206265,0.6013929974761625,0.4353180376644181
lag 159,1.976505784609746,0.9566823590839236,0.7131974584899687,0.5513498776557303,0.4625628083323257
lag 160,1.9222369112114661,1.000728815056072,0.7382164946404539,0.560502176380349,0.43505665721943765
lag 161,1.9532081827352736,1.0093550212654594,0.7263146551585713,0.5432337440360262,0.4439183204792921
lag 162,1.9668181745612636,1.1103807504975016,0.7778265200413164,0.592245956608404,0.43601227666829195
lag 163,1.7961332983693312,1.149473422415078,0.6890689368554462,0.5672910386511739,0.46557152990252176
lag 164,1.873419867781951,1.0953803428660185,0.7322323489408648,0.5865108770849942,0.44372050923932355
lag 165,2.035176142887484,1.0872619827388759,0.7332275309641741,0.5317565340994331,0.4730135357276974
lag 166,1.9004711384198612,1.0130898764064864,0.7043742385849426,0.5947174320211558,0.45439869091778357
lag 167,2.003340736454845,1.0135748089885277,0.7219932672841151,0.5795680151583446,0.42519684153323434
lag 168,1.9165294382438414,1.0059097690715635,0.7561209007597516,0.5392950640984225,0.4520501290593455
lag 169,1.865408073950552,1.0333010935377465,0.771547458097079,0.5454690607219556,0.4780255981077729
lag 170,1.9777259299583416,1.0644518494147401,0.692287447073392,0.562893514051476,0.4445941938937232
lag 171,1.8243295950051328,1.0978989531956636,0.7567071962038261,0.5718313451514837,0.4447038447690228
lag 172,1.8684467757857337,1.0239496253721516,0.686452731240329,0.5642761117302499,0.4365811928233596
lag 173,1.9512437074698483,0.9575002886817405,0.7784876499339614,0.5486743686070235,0.42425127381578853
lag 174,1.9461068840766278,1.0643439056182047,0.7655117556338883,0.5328030383019604,0.4699562825146752
lag 175,1.8839776707815545,1.0547738529452384,0.7018612921745262,0.5411686894573932,0.43937867688518656
lag 176,1.8224462602834712,1.0889667587783638,0.738091929802654,0.5634821507359928,0.43299792421776656
lag 177,1.960095806422775,1.169562925326321,0.741541471560989,0.5740970165668519,0.45846929280868143
lag 178,1.7671525974346662,1.1035360079598415,0.7807554240472941,0.589778154143293,0.46653753935546344
lag 179,1.8358688149769755,1.0813089159708418,0.743761464835095,0.5422260046344259,0.4434254822872735
lag 180,1.9891642614054035,1.0674529588317236,0.6899320870870074,0.5179429645861622,0.4715424869476487
lag 181,1.7445992323159223,1.0740491214948498,0.6704385342919924,0.5447664192108901,0.4351857861716698
lag 182,1.8399952365796877,1.035006883637117,0.7158538642336731,0.5754845604173714,0.438019743815042
lag 183,1.8687571406553922,1.0763972467049676,0.7203411623948773,0.5306328072159893,0.44089920980857034
lag 184,1.9002624220117803,1.0336900303442849,0.7504267078898668,0.5077558767039086,0.430160477802752
lag 185,1.8413201207975953,0.9931520630272382,0.7377572375398579,0.5349224507545325,0.4672460118634311
lag 186,1.7860104893964013,1.0399807447219513,0.7523510689070233,0.5430174815679193,0.4553876072980832
lag 187,1.9093671948776059,1.1654017967650432,0.7642646216463796,0.555251403804162,0.456368225357557
lag 188,1.8432085815646393,1.03162685154251,0.7602118073199405,0.5687461859241345,0.46728648838166087
lag 189,1.8435855918590627,1.019388319126443,0.7356192811993933,0.5383186947859477,0.46065090479348036
lag 190,1.8574826691006747,0.9839844456203158,0.7673002413637547,0.5775064103757398,0.4361788458138699
lag 191,1.8362698621335967,1.0900999629105121,0.7184290142222305,0.5238268700057481,0.45300079450215447
lag 192,1.8256344785387164,1.0632154554843183,0.7231982930876245,0.602812553098321,0.4425731272916557
lag 193,1.8460412796509698,1.0746557185072652,0.7414134069973898,0.5891216536044654,0.4822706054208179
lag 194,1.797709126067167,1.0096039754629234,0.7556025510190056,0.5683607009879911,0.45297695617764233
lag 195,1.7836373729591082,1.0211120840375745,0.6672454223776415,0.5369726327660713,0.43019897769361554
lag 196,1.8428369325541887,1.0917889906849687,0.7683656206742107,0.5793513286302044,0.46362448756559815
lag 197,1.7587376609292378,1.0566072824462802,0.7594886928608396,0.5363850391186611,0.46565775827250766
lag 198,1.8263633148599059,1.092871860215646,0.7198830961560356,0.5576194155791165,0.45456497990616734
lag 199,1.8786423214734795,0.9470799658087656,0.7487066141016266,0.5070176484261059,0.46560529101224757
lag 200,1.978281687679345,1.1211524736065708,0.7342465807030627,0.5623657479204537,0.4530476337800914
lag 201,1.9549563335483657,0.968964056242075,0.7119543461626704,0.5875985037385094,0.4713707129375308
lag 202,1.891443105844004,1.045941709055819,0.7526798629129169,0.5062291328082118,0.4571950393182797
lag 203,1.814831468569697,1.0325417951700948,0.7482655297388837,0.5641350332421141,0.4475461233569865
lag 204,1.849484419195942,1.0950728892728092,0.7343575949738893,0.5826380487201679,0.4222664108170658
lag 205,1.7695623317383662,1.0149461743677841,0.6978801960460427,0.5330374449300246,0.4608965814264716
lag 206,1.8752384399449606,1.010531898554861,0.7406225927765772,0.566353831076053,0.4652976932194737
lag 207,1.9254535938965665,1.0472244485361317,0.688811264442909,0.570246213394026,0.49636427201583594
lag 208,1.7122001642998605,1.0070263979382055,0.6867027814429368,0.5932896955990264,0.4710857405687741
lag 209,1.838088477735125,1.0668587751825616,0.6933364280732003,0.5539069202495503,0.431497049551996
lag 210,1.8491571344952258,1.1623909665065764,0.6468618037024093,0.5642682935020089,0.44760656130945564
lag 211,1.851899330272402,1.0470931325758088,0.7397821883884718,0.5860071061334755,0.4442190658595554
lag 212,1.7829467313115357,1.0522414099800863,0.7455063736661344,0.5334471885477968,0.4451057433007259
lag 213,1.66575311529877,1.0867475946990126,0.7453164874344527,0.5428428396289392,0.4505117831885114
lag 214,1.8318047078996686,1.0589717969301615,0.6659166059443837,0.5620259196861199,0.4537906869617424
lag 215,1.8597976026278913,1.0417158947715275,0.6989998082177297,0.5568926444633826,0.4083986475746329
lag 216,1.8325472099597155,1.0503480742121574,0.6885989944183455,0.576041233729563,0.4394954914727932
lag 217,1.7952692651607927,0.9880563749705634,0.7617664553918364,0.5536922841267151,0.4786098021564524
lag 218,1.8031345961532403,1.0239028704392272,0.7329350417955793,0.5462673820216882,0.4272562814838757
lag 219,1.8198022465687778,0.9743294205292177,0.7830153906337218,0.5524350523433836,0.46457273159630275
lag 220,1.8999385233660702,1.0590085070626896,0.7248871728184823,0.5677303421599075,0.46442570350303275
lag 221,1.7458892688546357,1.0179548844581174,0.7310057171437458,0.5690377892947993,0.4398216160034688
lag 222,1.7695602670149286,1.0441988103920088,0.6890014292883311,0.5842600083015039,0.4435724526671516
lag 223,1.842191962819565,1.0324824791176053,0.7133649536842296,0.6108027691959735,0.46156230190478775
lag 224,1.8113397502621484,1.1007450242234544,0.7267091837716272,0.5631478334750321,0.4457568865692718
lag 225,1.9434476042798219,1.0230488189400795,0.6878062897588584,0.5450129261915022,0.4539220332619933
lag 226,1.6408464299655656,1.0876234562400438,0.6781884967283202,0.5982128494954063,0.452986046434595
lag 227,1.675359732720778,0.9637624079904291,0.7238657400533725,0.5290949324432516,0.4329203745658472
lag 228,1.8009657781338781,1.0811450462284597,0.6990365019845676,0.5636213026023442,0.4462146946244428
lag 229,1.6285471474294353,0.9433512932627914,0.6996625233608004,0.573976188857909,0.45500110920240194
lag 230,1.6711096960378673,1.0476073509153798,0.7751607126970194,0.5501435180417739,0.45096884920090735
lag 231,1.7590429602827864,1.0347595409196848,0.6998990074743081,0.6082910609619487,0.421147740206482
lag 232,1.6659534760592334,1.036995287825419,0.7362444952815677,0.5831127054172655,0.41227649829498514
lag 233,1.6888787235821123,1.0928686617551957,0.7315170124432923,0.5402668046749605,0.4552279678534592
lag 234,1.6948274642196,1.0382162438840508,0.6993769486581578,0.5490043073705668,0.453829886831731
lag 235,1.7308173244559257,1.007754254711665,0.6537021061998088,0.5952591710740346,0.4356229194408502
lag 236,1.8886444564527145,1.0531157860892146,0.7031955553324792,0.5486445161628591,0.43965660878981044
lag 237,1.751539224366004,1.0460107364394646,0.7246329234151819,0.5633612187149488,0.42064842313560213
lag 238,1.5721186626483459,1.0522448955285617,0.7691062679597122,0.5409414459594241,0.47205346667940784
lag 239,1.853817956585776,1.0519380462201018,0.7377046599985461,0.513792226238613,0.4586685055601225
lag 240,1.7363130313981183,1.073758566475798,0.6880378984028667,0.5559135338444918,0.4533828462458945
lag 241,1.7967416887347842,0.9963520406362147,0.7479460153747346,0.5801390517611659,0.4655396481699674
lag 242,1.7184992164640367,1.156314307378793,0.7385299287860839,0.5861351404299303,0.46252298499762295
lag 243,1.726723588972336,0.984332776095157,0.7020444677279123,0.5411109961298821,0.4451899481752034
lag 244,1.731569107155192,0.9879060827343159,0.6999230209525933,0.5616805233197016,0.4367508686353847
lag 245,1.6541515544117047,1.062666139015671,0.6917165955435844,0.5707154079042209,0.4547878307734343
lag 246,1.876783541342801,0.9986368155421126,0.7232193467512509,0.5165919867535895,0.43303385596340765
lag 247,1.769482065010302,1.0396118598119168,0.7077013584811249,0.5510679124526482,0.44178815171111924
lag 248,1.5466380498097314,0.9926713165806086,0.7002679937516412,0.4953728378818888,0.45472827988582937
lag 249,1.6162055580440937,0.9418352299598451,0.6988055461980943,0.5539402306214662,0.4651906843392367
lag 250,1.7069363846644894,0.9554181173533932,0.6614812998212913,0.5542023418824867,0.4628205096365058
lag 251,1.7222675679938204,1.0387576657539406,0.7326249528707801,0.5899963512220031,0.4576851477671537
lag 252,1.6463859433978196,1.0581501156631155,0.7744192425535411,0.5664973751687546,0.48499194130809076
lag 253,1.693973257477238,0.9525075743343289,0.7142801759630452,0.5641720830792754,0.4724967571953774
lag 254,1.7191791916565335,1.048922670985233,0.7837353973727342,0.5361397136178074,0.4833467728168883
lag 255,1.5223424289623608,1.0738177878766528,0.6950503282702597,0.5849046748947573,0.45978410570795347
lag 256,1.6409683930473762,0.9522871493993769,0.7230825011534894,0.5396649002615982,0.45421908104069764
lag 257,1.767782653211361,1.057514614360336,0.6981926093826255,0.5645033144002736,0.5081907929719113
lag 258,1.8857861343911126,0.9739114830698556,0.7016710078966697,0.582685070285014,0.4460912347212807
lag 259,1.6509131033463658,0.9750848969739137,0.6844806715094653,0.5551288105970587,0.45541064288219185
lag 260,1.7507691501452851,0.9504259834883498,0.7175068119942175,0.533274553127555,0.44114349754784227
lag 261,1.6194882441619602,0.9191943216058104,0.7583944544980258,0.5644892159212006,0.4445211708106864
lag 262,1.6343712970517346,1.009302209872644,0.7398339893606409,0.5262436851283798,0.4170603458016274
lag 263,1.686904027306375,0.9697972241801032,0.7550686401674475,0.600538666002464,0.45720649007784403
lag 264,1.649802391455565,0.9982768857788834,0.6859672082677939,0.565306870817773,0.4615846603559921
lag 265,1.6201825896313822,1.0305202494835848,0.7409921551354719,0.5263848286726525,0.44670197475322065
lag 266,1.6551754735489832,1.0225786721473447,0.7431482606641421,0.5164557235804815,0.42208784971195057
lag 267,1.8222255089590353,1.0522001988042586,0.7540435685196363,0.5670044767217871,0.45776770412463647
lag 268,1.713741040877952,1.030980959735013,0.6755739073907189,0.5699339993789524,0.45100218954271576
lag 269,1.6552004251423167,0.9432250396444285,0.732911391643494,0.5357385186336228,0.4501877353902282
lag 270,1.6342466222667182,0.971301899428803,0.7152467589539355,0.5636436762972401,0.43984484809117635
lag 271,1.6380031709886689,1.0285837372026772,0.7127362069249549,0.5415476205301031,0.4650675077448084
lag 272,1.767278494760368,1.041349860083646,0.7332598117387603,0.5528156459477669,0.4079726645064146
lag 273,1.5582737746108628,0.995514419658944,0.7306036286693295,0.5326829478535577,0.4363203548080921
lag 274,1.648070389821472,1.001218733780101,0.7154341710786315,0.5417058618518888,0.42883717864719506
lag 275,1.6012709321978664,0.9268834376637496,0.6552879180327782,0.5750856299958617,0.44576473347272555
lag 276,1.6297895334827077,1.0351096970177842,0.6869623383494904,0.5825910759216202,0.44377513266338153
lag 277,1.7020215598470494,0.9921498007360218,0.7350536435407001,0.5555659743522835,0.43242979137303134
lag 278,1.5690730133419266,0.9115342673704269,0.7164523175282717,0.5859623188862847,0.4273696567881091
lag 279,1.6335851913077126,1.0211087715330696,0.6621546946540616,0.5761076539796184,0.44748416987871314
lag 280,1.6316858595181025,0.9574464073490874,0.667249856360962,0.5472116161245498,0.4257718328006688
lag 281,1.5877391109492989,0.951521712677135,0.7687528629715241,0.5143975605838258,0.43712357203184143
lag 282,1.632238982728974,1.0274231871577186,0.7704717658875866,0.5781984846648657,0.4624962457330921
lag 283,1.6238781247587117,1.030112793408839,0.6861055013459216,0.5462357555311469,0.4642082543246702
lag 284,1.551475774780037,0.9830084110541609,0.7032578284025586,0.5360199343886473,0.45936792235048446
lag 285,1.6542591563311286,1.0280240632551967,0.6683842591030457,0.5516859164597214,0.4433523352454994
lag 286,1.5558841637915617,0.9981535615477919,0.6441999696786638,0.5134881508070581,0.3986797974860797
lag 287,1.5824055237933043,1.0075145772253395,0.7028323787297858,0.5519988530465334,0.43430458819948214
lag 288,1.7468919614577758,0.9550773566177714,0.7005086783627413,0.5673125806360559,0.47613615575109514
lag 289,1.5005420402771945,1.0296426306440238,0.7702973930634136,0.5367314137889396,0.4459939152077725
lag 290,1.586242797079205,0.9097652471142149,0.7658175229269462,0.5424853587892338,0.4465139865605781
lag 291,1.6547931255444566,1.0138095116226273,0.6724855371163481,0.5665384485774043,0.44004674982288544
lag 292,1.482550262214036,1.0470194661380683,0.7271237389652719,0.5598699719870351,0.4546182843886214
lag 293,1.617962104503864,0.8987213279300936,0.7202353229177638,0.5411366834944424,0.4322131323378062
lag 294,1.6100460158096053,0.9703770531515624,0.7378021444578448,0.518149267926719,0.4194397368996232
lag 295,1.5745152945093466,1.0091523977235382,0.7230315782805126,0.5865388555212125,0.4312142579394962
lag 296,1.5539007336530144,1.0542835355779303,0.6561127911896051,0.553966016343089,0.4598842783253908
lag 297,1.6198762179318884,1.0006918207349704,0.6456675989906624,0.5567890511233754,0.4801560240164822
lag 298,1.5328649224378628,0.9996925643856283,0.7592484161227094,0.5387068283464185,0.42025068692120543
lag 299,1.7020110613055548,1.0120354113276355,0.6029793844347041,0.5079144944864066,0.44537320630641286
lag 300,1.5013056193587568,1.007435989663923,0.7224174943358319,0.530320400256339,0.4202430720255914
